*info,Geographic name,"Incompletely enumerated Indian reserves and Indian settlements, 2006","Population, 2006","Total private dwellings, 2006","Private dwellings occupied by usual residents, 2006"
*info,Canada,T,31612897,13576855,12435520
*note,THIS FILE HAS BEEN TAGGED BY LUKAS SWAN.,,,,
*note,I WILL USE THIS FILE BY DIVIDING THE VALUES BY LAND AREA TO ACHIEVE AN URBAN/RURAL ESTIMATION,,,,
*note,FSA stands for Forward Sortation Area and is included in the CSDDRD,,,,
*header,FSA,incomplete,population,dwellings_total,dwellings_occupied
*units,-,-,count,count,count
*data,A0A,,46648,23052,17994
*data,A0B,,22099,12284,8799
*data,A0C,,13767,7788,5598
*data,A0E,,24400,12735,9575
*data,A0G,,37991,20088,14939
*data,A0H,,19537,9991,7543
*data,A0J,,8146,4515,3255
*data,A0K,,30274,15193,11527
*data,A0L,,7479,3385,2876
*data,A0M,,6800,3380,2796
*data,A0N,,15448,7863,6332
*data,A0P,,12296,4808,4003
*data,A0R,,2428,1184,928
*data,A1A,,27064,11457,10659
*data,A1B,,16268,8012,6923
*data,A1C,,13545,7084,6334
*data,A1E,,28954,13157,12239
*data,A1G,,5058,2100,1982
*data,A1H,,1460,548,524
*data,A1K,,9744,3550,3408
*data,A1L,,12641,4750,4508
*data,A1M,,6562,2448,2343
*data,A1N,,24807,9708,9243
*data,A1S,,6435,2272,2192
*data,A1V,,9934,4190,3879
*data,A1W,,10079,3717,3569
*data,A1X,,11779,4493,4293
*data,A1Y,,5312,2268,2033
*data,A2A,,8855,3783,3542
*data,A2B,,4888,1955,1847
*data,A2H,,25246,10854,10006
*data,A2N,,8591,3854,3525
*data,A2V,,7232,2961,2782
*data,A5A,,7174,3422,2796
*data,A8A,,6528,3109,2453
*data,B0C,,3135,1695,1253
*data,B0E,,27973,14526,11214
*data,B0H,,10994,5722,4395
*data,B0J,,42621,23065,17956
*data,B0K,,38322,19693,15762
*data,B0L,,2676,1715,1137
*data,B0M,,18192,9837,7627
*data,B0N,,39763,17622,15754
*data,B0P,,40521,17569,15862
*data,B0R,,6303,3772,2690
*data,B0S,,18223,9679,7916
*data,B0T,,16159,8774,6817
*data,B0V,,6244,3293,2726
*data,B0W,,32905,15981,13385
*data,B1A,,17063,7386,7002
*data,B1B,,1448,634,590
*data,B1C,,1986,942,823
*data,B1E,,1667,708,672
*data,B1G,,2162,914,881
*data,B1H,,10729,4548,4360
*data,B1J,,1167,801,522
*data,B1K,,3307,2082,1375
*data,B1L,,4982,1901,1842
*data,B1M,,1255,468,455
*data,B1N,,6210,2675,2534
*data,B1P,,15636,7401,6962
*data,B1R,,4323,1731,1696
*data,B1S,,8460,3638,3470
*data,B1T,,409,450,186
*data,B1V,,6782,2815,2719
*data,B1W,,2952,857,834
*data,B1X,,912,621,379
*data,B1Y,,6708,2836,2617
*data,B2A,,8770,3725,3600
*data,B2C,,346,322,143
*data,B2E,,33,112,20
*data,B2G,,13752,6803,5387
*data,B2H,,15104,6893,6470
*data,B2J,,128,160,59
*data,B2N,,32196,14172,13531
*data,B2R,,2326,894,877
*data,B2S,,7065,2585,2510
*data,B2T,,14215,5181,4972
*data,B2V,,13066,4560,4491
*data,B2W,,29676,11499,11204
*data,B2X,,12048,4846,4608
*data,B2Y,,14715,7452,7016
*data,B2Z,,8162,2996,2902
*data,B3A,,20272,11507,10347
*data,B3B,,792,431,287
*data,B3E,,6484,2513,2410
*data,B3G,,10070,3748,3641
*data,B3H,,18278,10762,9030
*data,B3J,,5196,3922,3133
*data,B3K,,19630,10507,9647
*data,B3L,,17491,8782,8212
*data,B3M,,26460,13408,12484
*data,B3N,,12219,6109,5725
*data,B3P,,8469,3854,3619
*data,B3R,,8133,3829,3499
*data,B3S,,8808,4020,3827
*data,B3T,,15881,5945,5761
*data,B3V,,5841,2241,2155
*data,B3Z,,14880,5761,5424
*data,B4A,,15976,6561,6258
*data,B4B,,8776,3042,2960
*data,B4C,,19166,7090,6941
*data,B4E,,16118,5978,5816
*data,B4G,,3849,1357,1322
*data,B4H,,13732,6876,5834
*data,B4N,,16910,7499,7165
*data,B4P,,7587,3976,3191
*data,B4R,,2868,1114,1050
*data,B4V,,17432,8080,7378
*data,B5A,,13353,6057,5557
*data,B9A,,5000,2161,1953
*data,C0A,,43172,20455,16219
*data,C0B,,29874,14177,11205
*data,C1A,,28747,13715,12409
*data,C1B,,7051,2885,2624
*data,C1C,,2123,940,873
*data,C1E,,8801,3508,3181
*data,C1N,,16083,7073,6573
*data,E1A,,34082,14881,13758
*data,E1B,,17819,7114,6888
*data,E1C,,24525,12627,11409
*data,E1E,,10099,4712,4467
*data,E1G,,16311,6079,5888
*data,E1H,,6975,2917,2800
*data,E1J,,3237,1267,1215
*data,E1N,,11762,5260,4647
*data,E1V,,14039,6085,5696
*data,E1W,,7129,3415,3058
*data,E1X,,13465,5806,5262
*data,E2A,,18444,8784,7820
*data,E2E,,17266,6397,6146
*data,E2G,,4264,1525,1486
*data,E2H,,4911,1983,1879
*data,E2J,,15254,7185,6631
*data,E2K,,17404,8430,7593
*data,E2L,,7937,4818,4088
*data,E2M,,19403,8467,7966
*data,E2N,,4073,1561,1497
*data,E2P,,1477,590,563
*data,E2R,,33,16,16
*data,E2S,,6812,2524,2384
*data,E2V,,13713,5418,4928
*data,E3A,,32049,13648,12797
*data,E3B,,32344,16118,14289
*data,E3C,,10201,3771,3668
*data,E3E,,3997,1460,1413
*data,E3L,,9276,4146,3806
*data,E3N,,14769,6694,6135
*data,E3V,,11728,5766,5377
*data,E3Y,,7718,3122,2938
*data,E3Z,,4401,1868,1789
*data,E4A,,3303,1913,1506
*data,E4B,,4747,2595,2024
*data,E4C,,2533,2031,1098
*data,E4E,,8997,4117,3728
*data,E4G,,2707,1081,984
*data,E4H,,4464,2073,1804
*data,E4J,,4543,1935,1808
*data,E4K,,6231,2454,2267
*data,E4L,,7080,3348,2904
*data,E4M,,2043,1640,853
*data,E4N,,3893,1720,1504
*data,E4P,,13301,6704,5378
*data,E4R,,6204,3804,2591
*data,E4S,,7147,3569,2903
*data,E4T,,2334,1379,970
*data,E4V,,4192,1814,1639
*data,E4W,,8296,3997,3450
*data,E4X,,3238,1363,1270
*data,E4Y,,3339,1501,1386
*data,E4Z,,5870,2843,2353
*data,E5A,,1914,958,769
*data,E5B,,3036,1698,1317
*data,E5C,,4100,2078,1686
*data,E5E,,1056,632,422
*data,E5G,,2650,1405,1125
*data,E5H,,3029,1322,1221
*data,E5J,,2098,1121,875
*data,E5K,,7163,2811,2634
*data,E5L,,3104,1319,1202
*data,E5M,,2079,989,820
*data,E5N,,11120,4510,4064
*data,E5P,,2571,1044,965
*data,E5R,,1582,757,612
*data,E5S,,1865,974,763
*data,E5T,,3081,1860,1195
*data,E5V,,824,499,373
*data,E6A,,1341,617,535
*data,E6B,,1755,792,680
*data,E6C,,2073,874,807
*data,E6E,,1557,729,604
*data,E6G,,2666,1374,1096
*data,E6H,,1254,854,508
*data,E6J,,1469,688,619
*data,E6K,,3513,1904,1417
*data,E6L,,4758,1950,1817
*data,E7A,,3957,2116,1653
*data,E7B,,5986,2663,2377
*data,E7C,,5510,2523,2262
*data,E7E,,4685,1994,1849
*data,E7G,,4443,2255,1779
*data,E7H,,6013,2764,2502
*data,E7J,,2290,937,889
*data,E7K,,2683,1088,1023
*data,E7L,,5483,2359,2143
*data,E7M,,9673,4047,3835
*data,E7N,,2897,1303,1129
*data,E7P,,3708,1562,1412
*data,E8A,,3839,1751,1528
*data,E8B,,2616,1243,1083
*data,E8C,,3995,1976,1798
*data,E8E,,5422,2446,2197
*data,E8G,,3193,1604,1417
*data,E8J,,5777,2505,2322
*data,E8K,,8625,3802,3458
*data,E8L,,2539,1051,997
*data,E8M,,2093,908,838
*data,E8N,,2638,1491,1188
*data,E8P,,3529,1528,1390
*data,E8R,,3279,1453,1371
*data,E8S,,5019,2287,1978
*data,E8T,,6425,3167,2658
*data,E9A,,2582,1134,1040
*data,E9B,,2505,1034,977
*data,E9C,,2396,1198,1050
*data,E9E,,4525,1908,1701
*data,E9G,,5441,2132,1982
*data,E9H,,3194,1296,1202
*data,G0A,,89695,43694,36201
*data,G0C,,48372,22437,20376
*data,G0E,,5629,2950,2453
*data,G0G,,18042,8239,6894
*data,G0H,,11663,5588,4577
*data,G0J,,34318,17600,14424
*data,G0K,,12060,6140,5017
*data,G0L,,62721,31062,25875
*data,G0M,,35464,15636,13813
*data,G0N,,20172,10449,8365
*data,G0P,,6482,2875,2521
*data,G0R,,82926,39521,33954
*data,G0S,,64237,27385,25158
*data,G0T,,15551,7491,6454
*data,G0V,,16271,8849,6408
*data,G0W,,34756,16042,12879
*data,G0X,,56274,28635,24006
*data,G0Y,,9772,5763,4105
*data,G0Z,,8384,3912,3464
*data,G1A,,10,4,4
*data,G1B,,15022,5446,5339
*data,G1C,,35003,13955,13684
*data,G1E,,24701,11992,11577
*data,G1G,,22199,9649,9491
*data,G1H,,28455,14558,14058
*data,G1J,,22251,12423,11853
*data,G1K,,18552,11542,10780
*data,G1L,,23047,13409,12868
*data,G1M,,18606,9250,8942
*data,G1N,,8000,4733,4507
*data,G1P,,16336,7703,7469
*data,G1R,,17023,11489,10514
*data,G1S,,24444,13773,12930
*data,G1T,,6445,2630,2526
*data,G1V,,18694,12123,10014
*data,G1W,,19725,10099,9648
*data,G1X,,24991,13022,12404
*data,G1Y,,13427,5249,5166
*data,G2A,,14032,5538,5409
*data,G2B,,21356,9275,9103
*data,G2C,,6826,2974,2931
*data,G2E,,20905,8600,8492
*data,G2G,,9942,4032,3949
*data,G2J,,2889,1591,1545
*data,G2K,,8259,3723,3673
*data,G2L,,11417,4887,4770
*data,G2M,,4066,1714,1669
*data,G2N,,6624,2662,2611
*data,G3A,,17660,6290,6131
*data,G3E,,12441,4596,4545
*data,G3G,,9301,3579,3486
*data,G3H,,7553,3136,2954
*data,G3J,,8637,3430,3347
*data,G3K,,13988,5359,5249
*data,G3L,,9350,5557,3993
*data,G3M,,5528,2523,2394
*data,G3Z,,7290,3323,3022
*data,G4A,,3048,1361,1312
*data,G4R,,20404,9230,8651
*data,G4S,,5347,2191,2124
*data,G4T,,13091,5838,5183
*data,G4V,,6976,3153,2973
*data,G4W,,12478,6082,5819
*data,G4X,,14821,6418,5965
*data,G4Z,,10341,4638,4398
*data,G5A,,8992,4203,3742
*data,G5B,,6212,2705,2585
*data,G5C,,12343,5435,5279
*data,G5H,,7109,3298,3135
*data,G5J,,6262,2869,2692
*data,G5L,,29832,14778,13922
*data,G5M,,4753,1881,1840
*data,G5N,,7666,3037,2902
*data,G5R,,18569,8659,8213
*data,G5T,,3199,1626,1326
*data,G5V,,11388,5428,5043
*data,G5X,,6180,2723,2575
*data,G5Y,,24820,11473,10819
*data,G5Z,,2711,1174,1137
*data,G6A,,1473,592,571
*data,G6B,,8395,4000,3699
*data,G6C,,6477,2398,2353
*data,G6E,,11588,4826,4680
*data,G6G,,19821,9474,9015
*data,G6H,,7345,3273,3107
*data,G6J,,9780,3613,3519
*data,G6K,,6971,2610,2581
*data,G6L,,14792,6406,6160
*data,G6P,,34975,15839,15289
*data,G6R,,1244,466,459
*data,G6S,,2070,866,857
*data,G6T,,4915,1809,1771
*data,G6V,,35297,16465,15702
*data,G6W,,20402,9457,9065
*data,G6X,,10361,4685,4550
*data,G6Z,,18006,6509,6419
*data,G7A,,18429,7016,6814
*data,G7B,,18109,7908,7521
*data,G7G,,16539,6633,6463
*data,G7H,,29605,13723,13130
*data,G7J,,14344,6449,6253
*data,G7K,,619,276,271
*data,G7N,,5338,2193,2109
*data,G7P,,6320,2668,2465
*data,G7S,,19247,7991,7833
*data,G7T,,23,12,12
*data,G7X,,26790,12979,12351
*data,G7Y,,603,255,249
*data,G7Z,,2879,1029,1008
*data,G8A,,6023,2794,2728
*data,G8B,,23212,10763,10251
*data,G8C,,2863,1047,1037
*data,G8E,,3889,1514,1427
*data,G8G,,4105,1860,1618
*data,G8H,,10682,4964,4569
*data,G8J,,4114,1799,1626
*data,G8K,,10444,4869,4398
*data,G8L,,14585,6857,6386
*data,G8M,,6049,2596,2435
*data,G8N,,2393,1006,947
*data,G8P,,7664,3446,3152
*data,G8T,,29390,14234,13739
*data,G8V,,8199,3056,3002
*data,G8W,,8743,3691,3606
*data,G8Y,,31211,14307,13787
*data,G8Z,,13536,7786,6858
*data,G9A,,21289,11927,11103
*data,G9B,,12602,5090,4888
*data,G9C,,1341,587,570
*data,G9H,,10964,4796,4522
*data,G9N,,18374,9697,9064
*data,G9P,,11118,5087,4962
*data,G9R,,1970,871,796
*data,G9T,,16714,8274,7811
*data,G9X,,11480,6312,5177
*data,H1A,,32877,13964,13519
*data,H1B,,20314,8993,8732
*data,H1C,,11435,3555,3488
*data,H1E,,43551,16541,16208
*data,H1G,,49657,21925,21039
*data,H1H,,34723,16339,15606
*data,H1J,,10262,4981,4857
*data,H1K,,31140,13611,13247
*data,H1L,,33064,16092,15523
*data,H1M,,28497,14787,14154
*data,H1N,,21896,10955,10587
*data,H1P,,17522,7492,7268
*data,H1R,,28490,11865,11383
*data,H1S,,22320,10194,9840
*data,H1T,,29613,15616,15057
*data,H1V,,19796,10607,10108
*data,H1W,,28709,15652,14892
*data,H1X,,29472,16229,15600
*data,H1Y,,25966,14211,13651
*data,H1Z,,35357,13828,13298
*data,H2A,,18434,8477,8150
*data,H2B,,17130,8756,8400
*data,H2C,,17239,8521,8231
*data,H2E,,24398,12007,11555
*data,H2G,,21934,12162,11616
*data,H2H,,13847,8004,7604
*data,H2J,,25010,15363,14468
*data,H2K,,27460,15876,15010
*data,H2L,,22712,14079,12875
*data,H2M,,17768,9079,8729
*data,H2N,,6022,2600,2478
*data,H2P,,14269,7651,7289
*data,H2R,,21221,11573,11112
*data,H2S,,25648,14231,13492
*data,H2T,,16165,8594,8033
*data,H2V,,29570,13769,12861
*data,H2W,,11207,6783,6058
*data,H2X,,20057,14360,11495
*data,H2Y,,3211,2343,1855
*data,H2Z,,1570,862,706
*data,H3A,,2553,2051,1479
*data,H3B,,56,21,16
*data,H3C,,3923,2524,2142
*data,H3E,,16207,8912,8172
*data,H3G,,7093,5002,4065
*data,H3H,,17067,12253,9938
*data,H3J,,10422,4808,4565
*data,H3K,,14009,7200,6709
*data,H3L,,19759,9781,9339
*data,H3M,,14835,6534,6287
*data,H3N,,30289,12747,11946
*data,H3P,,10054,3834,3677
*data,H3R,,9452,3853,3657
*data,H3S,,33965,15454,14512
*data,H3T,,12780,7106,6377
*data,H3V,,6571,4307,3946
*data,H3W,,31161,13217,12269
*data,H3X,,22733,10691,10059
*data,H3Y,,9869,3598,3408
*data,H3Z,,12111,6587,5959
*data,H4A,,25350,12275,11393
*data,H4B,,19830,10473,9879
*data,H4C,,14812,7857,7360
*data,H4E,,30402,15157,14532
*data,H4G,,30154,15880,15070
*data,H4H,,19699,9452,9094
*data,H4J,,17844,7384,7048
*data,H4K,,11274,4291,4181
*data,H4L,,33395,14050,13360
*data,H4M,,11361,4302,4108
*data,H4N,,25127,11356,10535
*data,H4P,,3916,1682,1607
*data,H4R,,19426,8698,8141
*data,H4S,,520,224,221
*data,H4T,,10,3,3
*data,H4V,,20853,9519,8980
*data,H4W,,23732,10447,9822
*data,H4X,,6498,2531,2436
*data,H4Y,,111,45,45
*data,H4Z,,5,1,1
*data,H5A,,5,3,3
*data,H5B,,5,1,1
*data,H7A,,17017,5938,5800
*data,H7B,,2539,866,853
*data,H7C,,8595,3472,3373
*data,H7E,,24121,9402,9184
*data,H7G,,20171,9431,9116
*data,H7H,,11485,4282,4201
*data,H7J,,2263,858,833
*data,H7K,,20061,7138,7013
*data,H7L,,30928,11576,11388
*data,H7M,,27222,10920,10726
*data,H7N,,37672,18051,17468
*data,H7P,,30059,11187,11000
*data,H7R,,25211,9654,9424
*data,H7S,,6994,3028,2954
*data,H7T,,17137,6711,6447
*data,H7V,,20483,10275,9659
*data,H7W,,36226,14650,14252
*data,H7X,,22703,7900,7744
*data,H7Y,,7823,2807,2751
*data,H8N,,27026,12222,11673
*data,H8P,,22727,11128,10724
*data,H8R,,29766,13535,12929
*data,H8S,,22410,11048,10163
*data,H8T,,14155,6607,6380
*data,H8Y,,18459,7366,7064
*data,H8Z,,13883,5380,5134
*data,H9A,,15973,5317,5150
*data,H9B,,20672,7373,7019
*data,H9C,,11665,3950,3880
*data,H9E,,2663,1049,1007
*data,H9G,,15836,5616,5445
*data,H9H,,23981,9189,8865
*data,H9J,,21808,7404,7159
*data,H9K,,7151,2394,2338
*data,H9P,,3878,1541,1494
*data,H9R,,22695,9218,8837
*data,H9S,,21678,10025,9529
*data,H9W,,19195,6750,6559
*data,H9X,,10048,3940,3753
*data,J0A,,19228,8604,7671
*data,J0B,,65111,30999,26165
*data,J0C,,21180,9157,8312
*data,J0E,,45671,24720,18805
*data,J0G,,19006,8957,7921
*data,J0H,,49723,20507,19372
*data,J0J,,39207,17553,15462
*data,J0K,,130591,68369,54959
*data,J0L,,63160,25333,24415
*data,J0M,,19016,4875,4376
*data,J0N,,39152,14961,14417
*data,J0P,,35263,14658,13880
*data,J0R,,29855,16412,12933
*data,J0S,,33697,15680,13638
*data,J0T,,44029,37216,20237
*data,J0V,,24939,15642,10784
*data,J0W,,17702,11595,7710
*data,J0X,,44095,28743,18376
*data,J0Y,,34607,15420,13474
*data,J0Z,,34866,16223,14018
*data,J1A,,9557,4114,3853
*data,J1C,,3557,1395,1358
*data,J1E,,20291,10680,9917
*data,J1G,,19031,8434,8133
*data,J1H,,28992,15658,14426
*data,J1J,,14915,7147,6871
*data,J1K,,7031,3818,3076
*data,J1L,,12610,6587,6314
*data,J1M,,5737,2816,2402
*data,J1N,,24580,9854,9493
*data,J1R,,5243,1961,1923
*data,J1S,,7557,3331,3198
*data,J1T,,7746,3822,3606
*data,J1X,,27510,15220,12251
*data,J1Z,,4783,1827,1748
*data,J2A,,10572,4077,3932
*data,J2B,,26077,12465,11817
*data,J2C,,27262,13050,12449
*data,J2E,,3897,1652,1606
*data,J2G,,37369,17405,16767
*data,J2H,,10046,3744,3671
*data,J2J,,12111,5464,5318
*data,J2K,,15254,6782,6358
*data,J2L,,6069,3074,2557
*data,J2M,,5764,2303,2131
*data,J2N,,7802,3550,3337
*data,J2R,,9901,3916,3851
*data,J2S,,27469,13924,13073
*data,J2T,,14284,6135,5941
*data,J2W,,25262,9316,9118
*data,J2X,,17390,7176,6936
*data,J2Y,,5508,2054,2034
*data,J3A,,8879,4917,4784
*data,J3B,,30380,14300,13817
*data,J3E,,28993,10471,10320
*data,J3G,,27763,11061,10820
*data,J3H,,22893,8936,8751
*data,J3L,,39828,15399,15033
*data,J3M,,7509,3188,2997
*data,J3N,,15609,5817,5735
*data,J3P,,25481,11971,11314
*data,J3R,,13028,6245,6000
*data,J3T,,7840,3368,3161
*data,J3V,,24334,9377,9213
*data,J3X,,20954,7713,7621
*data,J3Y,,56048,21519,21095
*data,J3Z,,3463,1073,1060
*data,J4B,,39062,15179,14946
*data,J4G,,10467,4618,4529
*data,J4H,,15261,8345,8031
*data,J4J,,30077,14611,14101
*data,J4K,,25880,13125,12574
*data,J4L,,31155,13739,13324
*data,J4M,,11942,4472,4403
*data,J4N,,5162,2324,2265
*data,J4P,,10630,5376,5178
*data,J4R,,10164,4969,4795
*data,J4S,,6221,3168,3058
*data,J4T,,17521,7690,7458
*data,J4V,,16926,7282,7080
*data,J4W,,17922,7120,6796
*data,J4X,,17185,6192,6052
*data,J4Y,,16534,6121,6030
*data,J4Z,,19525,8104,7775
*data,J5A,,23955,8463,8349
*data,J5B,,7285,2773,2732
*data,J5C,,16222,6175,6070
*data,J5J,,10355,4143,3924
*data,J5K,,10147,3974,3815
*data,J5L,,15331,5865,5734
*data,J5M,,14132,5708,5336
*data,J5R,,37713,14875,14526
*data,J5T,,12129,4554,4433
*data,J5V,,7441,3522,3367
*data,J5W,,20026,7800,7624
*data,J5X,,7764,2959,2890
*data,J5Y,,22443,8262,8043
*data,J5Z,,25299,10058,9793
*data,J6A,,34115,14387,14095
*data,J6E,,39601,18238,17707
*data,J6J,,22743,8899,8723
*data,J6K,,20061,7700,7544
*data,J6N,,11760,5184,5031
*data,J6R,,10122,3732,3653
*data,J6S,,22869,10262,9980
*data,J6T,,16788,7765,7527
*data,J6V,,8719,3085,2992
*data,J6W,,31053,12862,12473
*data,J6X,,22626,8197,8067
*data,J6Y,,12871,4781,4598
*data,J6Z,,17963,6600,6438
*data,J7A,,14183,5005,4876
*data,J7B,,11332,3575,3527
*data,J7C,,33921,12362,12110
*data,J7E,,29957,13770,13228
*data,J7G,,17341,6703,6569
*data,J7H,,5655,2012,1971
*data,J7J,,15947,6241,5994
*data,J7K,,23184,8671,8408
*data,J7L,,10601,3728,3648
*data,J7M,,19428,6938,6698
*data,J7N,,18700,6929,6729
*data,J7P,,22828,9474,9233
*data,J7R,,36650,14564,14246
*data,J7T,,22762,7933,7793
*data,J7V,,58616,23498,22672
*data,J7X,,3759,1507,1473
*data,J7Y,,20278,9563,9196
*data,J7Z,,28019,13250,12767
*data,J8A,,7218,4323,3104
*data,J8B,,10600,6370,4968
*data,J8C,,9646,5724,4253
*data,J8E,,8954,6731,3907
*data,J8G,,7418,4619,3127
*data,J8H,,12774,6397,5565
*data,J8L,,16627,7222,6501
*data,J8M,,11088,4290,4141
*data,J8N,,10088,5986,3903
*data,J8P,,31122,13146,12706
*data,J8R,,25057,8936,8744
*data,J8T,,39284,17761,17124
*data,J8V,,21243,7819,7515
*data,J8X,,11422,6388,5845
*data,J8Y,,24584,12785,12036
*data,J8Z,,15466,7545,7195
*data,J9A,,17899,8103,7671
*data,J9B,,6702,2820,2478
*data,J9E,,8109,3911,3563
*data,J9H,,26157,10665,10246
*data,J9J,,15390,5317,5130
*data,J9L,,13484,6512,5673
*data,J9P,,25300,11822,11142
*data,J9T,,13782,5979,5728
*data,J9V,,3553,1648,1548
*data,J9X,,27514,13754,12746
*data,J9Y,,4377,1649,1561
*data,J9Z,,7481,3575,3420
*data,K0A,,92716,34596,32960
*data,K0B,,21039,8755,8196
*data,K0C,,51241,20596,19612
*data,K0E,,38769,17879,15182
*data,K0G,,34334,16716,13232
*data,K0H,,43136,23952,16423
*data,K0J,,33599,20279,13772
*data,K0K,,105168,45693,40231
*data,K0L,,69540,46810,28079
*data,K0M,,48885,38261,20114
*data,K1A,,44,19,18
*data,K1B,,17607,6707,6525
*data,K1C,,38849,13838,13553
*data,K1E,,15820,5592,5522
*data,K1G,,33829,14894,14191
*data,K1H,,15645,7094,6741
*data,K1J,,25833,10541,10033
*data,K1K,,29724,14283,13193
*data,K1L,,16326,9469,8558
*data,K1M,,6737,3189,2915
*data,K1N,,23668,15152,12335
*data,K1P,,34,30,17
*data,K1R,,18116,11021,9642
*data,K1S,,27055,13632,11985
*data,K1T,,25739,9564,9146
*data,K1V,,48718,20030,18832
*data,K1W,,5335,1642,1626
*data,K1X,,789,324,307
*data,K1Y,,18736,9428,8882
*data,K1Z,,19665,10063,9359
*data,K2A,,15335,6987,6727
*data,K2B,,32794,15495,14574
*data,K2C,,27349,12293,11435
*data,K2E,,18392,7878,7463
*data,K2G,,46922,16888,16290
*data,K2H,,27438,10891,10476
*data,K2J,,39650,13201,12938
*data,K2K,,20787,7366,7149
*data,K2L,,20644,7261,7154
*data,K2M,,19177,6308,6209
*data,K2P,,14618,10793,9738
*data,K2R,,1316,420,408
*data,K2S,,20965,6957,6856
*data,K2T,,4168,1396,1382
*data,K2V,,731,247,245
*data,K2W,,4162,1311,1268
*data,K4A,,35336,11805,11511
*data,K4B,,4801,1658,1609
*data,K4C,,4287,1517,1454
*data,K4K,,12221,4586,4481
*data,K4M,,8784,3168,3063
*data,K4P,,7471,2475,2412
*data,K4R,,6180,2077,2048
*data,K6A,,13155,5920,5645
*data,K6H,,29307,12955,12413
*data,K6J,,17482,7860,7566
*data,K6K,,2593,1019,992
*data,K6T,,630,207,205
*data,K6V,,28692,12918,12345
*data,K7A,,16449,7037,6519
*data,K7C,,15603,6589,5949
*data,K7G,,8512,4047,3568
*data,K7H,,14862,7712,6213
*data,K7K,,30306,14538,13205
*data,K7L,,19488,11217,8616
*data,K7M,,46328,20344,19529
*data,K7N,,6533,2502,2433
*data,K7P,,16172,5963,5796
*data,K7R,,13953,6068,5574
*data,K7S,,11613,5089,4812
*data,K7V,,13176,6117,5543
*data,K8A,,25910,10985,10427
*data,K8B,,423,136,134
*data,K8H,,12572,5056,4569
*data,K8N,,27102,11919,11484
*data,K8P,,20897,9359,8980
*data,K8R,,1509,543,542
*data,K8V,,27035,11384,10805
*data,K9A,,24294,9815,9468
*data,K9H,,26141,12476,11560
*data,K9J,,45021,19696,18241
*data,K9K,,11544,4342,4207
*data,K9L,,5610,2136,2066
*data,K9V,,25644,11197,10366
*data,L0A,,13783,4943,4790
*data,L0B,,15662,5917,5464
*data,L0C,,9146,3280,3131
*data,L0E,,19877,8948,7443
*data,L0G,,40875,13985,13660
*data,L0H,,3634,1202,1166
*data,L0J,,4236,1316,1287
*data,L0K,,34562,21122,13543
*data,L0L,,43655,19823,15586
*data,L0M,,31683,12157,10869
*data,L0N,,19167,7160,6636
*data,L0P,,9837,3468,3326
*data,L0R,,77913,27428,26578
*data,L0S,,50300,21951,19183
*data,L1A,,14952,6009,5769
*data,L1B,,9971,3782,3686
*data,L1C,,35148,12640,12229
*data,L1E,,22939,7894,7596
*data,L1G,,41791,18194,17370
*data,L1H,,32035,13798,13182
*data,L1J,,42745,17054,16300
*data,L1K,,23890,7842,7668
*data,L1L,,1311,651,473
*data,L1M,,14859,5002,4880
*data,L1N,,46372,17410,16982
*data,L1P,,15285,4856,4756
*data,L1R,,33598,10507,10271
*data,L1S,,39021,14203,13807
*data,L1T,,39185,11433,11176
*data,L1V,,51211,17012,16517
*data,L1W,,17002,6182,5985
*data,L1X,,15944,4573,4482
*data,L1Y,,2163,743,715
*data,L1Z,,11968,3901,3635
*data,L2A,,16703,7261,6732
*data,L2E,,21694,9923,9360
*data,L2G,,25742,11122,10585
*data,L2H,,19027,6574,6417
*data,L2J,,14783,5911,5783
*data,L2M,,32866,14266,13778
*data,L2N,,31373,13256,12944
*data,L2P,,13338,5790,5479
*data,L2R,,24733,12053,11039
*data,L2S,,17920,6910,6576
*data,L2T,,10744,5230,4627
*data,L2V,,15764,6723,6137
*data,L2W,,1914,608,599
*data,L3B,,22371,9910,9473
*data,L3C,,30341,12502,12081
*data,L3K,,18850,8625,7933
*data,L3M,,23556,8824,8623
*data,L3P,,39676,13053,12593
*data,L3R,,58921,17422,16685
*data,L3S,,55229,13898,13347
*data,L3T,,47327,17514,16810
*data,L3V,,42152,18576,16714
*data,L3X,,30776,9598,9402
*data,L3Y,,47099,17458,16824
*data,L3Z,,22378,7547,7383
*data,L4A,,20780,7748,7407
*data,L4B,,34351,10428,9960
*data,L4C,,68546,24597,23691
*data,L4E,,28692,9332,8830
*data,L4G,,47625,16031,15657
*data,L4H,,40896,11513,11355
*data,L4J,,68897,21847,21173
*data,L4K,,16256,4908,4804
*data,L4L,,55311,16708,16299
*data,L4M,,41072,16759,15984
*data,L4N,,91116,32937,31939
*data,L4P,,26718,9858,9298
*data,L4R,,17846,7890,7510
*data,L4S,,31130,8676,8523
*data,L4T,,38170,11343,10860
*data,L4V,,0,0,0
*data,L4W,,22040,7511,7325
*data,L4X,,19237,6828,6578
*data,L4Y,,23585,8919,8685
*data,L4Z,,33483,10472,10192
*data,L5A,,46884,18316,17463
*data,L5B,,49800,19668,17767
*data,L5C,,30535,9998,9583
*data,L5E,,12538,5266,5069
*data,L5G,,19465,8644,8122
*data,L5H,,17845,6515,6261
*data,L5J,,28114,10171,9951
*data,L5K,,14554,4718,4573
*data,L5L,,46667,15204,14757
*data,L5M,,80524,24292,23532
*data,L5N,,84180,26825,26066
*data,L5P,,5,1,1
*data,L5R,,33773,10907,10445
*data,L5S,,5,4,1
*data,L5T,,26,5,4
*data,L5V,,47852,12818,12503
*data,L5W,,19245,5308,5153
*data,L6A,,53324,14988,14634
*data,L6B,,7783,3484,2496
*data,L6C,,33780,9728,9511
*data,L6E,,18589,5979,5652
*data,L6G,,222,83,76
*data,L6H,,54930,18494,17868
*data,L6J,,25200,8679,8388
*data,L6K,,12287,5719,5353
*data,L6L,,26283,10469,10064
*data,L6M,,46920,15470,14858
*data,L6P,,33669,8369,7988
*data,L6R,,56600,13882,13418
*data,L6S,,52690,16588,16125
*data,L6T,,36496,12864,12463
*data,L6V,,40476,13930,13194
*data,L6W,,20864,7587,7234
*data,L6X,,41969,13116,12636
*data,L6Y,,66797,20380,19475
*data,L6Z,,32331,9423,9151
*data,L7A,,51831,14636,14222
*data,L7B,,7809,2615,2533
*data,L7C,,15066,5119,4913
*data,L7E,,33081,10597,10335
*data,L7G,,40970,14077,13741
*data,L7J,,13315,4836,4717
*data,L7K,,7914,2843,2636
*data,L7L,,42945,16357,15750
*data,L7M,,35670,12747,12458
*data,L7N,,12924,5458,5317
*data,L7P,,27016,9762,9622
*data,L7R,,16187,7824,7403
*data,L7S,,11748,6026,5691
*data,L7T,,14975,6148,5955
*data,L8E,,35617,12992,12586
*data,L8G,,22304,9036,8866
*data,L8H,,26630,11481,10864
*data,L8J,,20707,6591,6429
*data,L8K,,32197,13952,13400
*data,L8L,,32633,14104,12859
*data,L8M,,14186,7006,6270
*data,L8N,,14401,8092,7212
*data,L8P,,22459,13455,12381
*data,L8R,,10698,5284,4778
*data,L8S,,14731,8404,6700
*data,L8T,,19275,7796,7620
*data,L8V,,21236,9406,9131
*data,L8W,,25542,7963,7847
*data,L9A,,23484,9569,9357
*data,L9B,,19128,6407,6244
*data,L9C,,39504,14321,13957
*data,L9G,,21730,7539,7361
*data,L9H,,31839,12148,11809
*data,L9K,,8655,2598,2508
*data,L9L,,14435,5543,5274
*data,L9M,,14015,7321,5362
*data,L9N,,8885,2925,2883
*data,L9P,,15080,5501,5296
*data,L9R,,14595,5825,5605
*data,L9S,,23448,9562,8587
*data,L9T,,49626,17409,17002
*data,L9V,,684,187,185
*data,L9W,,35749,12677,12327
*data,L9Y,,20135,12230,8519
*data,L9Z,,14933,9655,6200
*data,M1B,,65129,19729,18893
*data,M1C,,34668,10758,10483
*data,M1E,,45446,17144,16300
*data,M1G,,29476,10341,9883
*data,M1H,,23244,8887,8434
*data,M1J,,35354,12825,11890
*data,M1K,,46913,18230,17318
*data,M1L,,27997,10809,10357
*data,M1M,,21463,8427,8100
*data,M1N,,21305,9400,8907
*data,M1P,,40946,15269,14347
*data,M1R,,28316,11123,10500
*data,M1S,,35746,11322,10956
*data,M1T,,34213,12658,12156
*data,M1V,,55250,15962,15589
*data,M1W,,50572,16606,16253
*data,M1X,,13425,3331,3278
*data,M2H,,26345,9026,8731
*data,M2J,,54391,19592,18970
*data,M2K,,17079,7537,6967
*data,M2L,,11917,4188,4028
*data,M2M,,29965,11559,11068
*data,M2N,,60164,28396,26290
*data,M2P,,7601,3114,2894
*data,M2R,,37931,15548,14645
*data,M3A,,33627,13285,12635
*data,M3B,,13253,5192,5023
*data,M3C,,35954,14939,14265
*data,M3H,,32859,13565,12718
*data,M3J,,23668,9801,8705
*data,M3K,,5658,2260,2077
*data,M3L,,16051,6004,5556
*data,M3M,,23112,9306,8695
*data,M3N,,42203,14372,13440
*data,M4A,,14176,6184,5911
*data,M4B,,17866,7840,7265
*data,M4C,,45585,20081,18910
*data,M4E,,23728,11071,10384
*data,M4G,,16452,7175,6848
*data,M4H,,17437,6438,6153
*data,M4J,,35164,15442,14629
*data,M4K,,31747,14914,14257
*data,M4L,,31448,14392,13529
*data,M4M,,21817,8968,8447
*data,M4N,,15044,6381,5999
*data,M4P,,16800,10581,10111
*data,M4R,,10822,5218,4892
*data,M4S,,22417,12447,11901
*data,M4T,,9908,5285,5008
*data,M4V,,16608,9706,8989
*data,M4W,,13992,7606,6952
*data,M4X,,20105,10045,9505
*data,M4Y,,21994,15434,14409
*data,M5A,,34148,17588,16562
*data,M5B,,9697,6202,5601
*data,M5C,,2172,1328,1225
*data,M5E,,3930,2607,2426
*data,M5G,,4354,2795,2297
*data,M5H,,487,390,300
*data,M5J,,7601,5221,4579
*data,M5K,,5,3,3
*data,M5L,,5,4,4
*data,M5M,,24364,9746,9312
*data,M5N,,15956,6819,6491
*data,M5P,,18167,9305,8598
*data,M5R,,23865,14336,12942
*data,M5S,,13220,7584,6438
*data,M5T,,17289,8478,7732
*data,M5V,,15763,10555,9403
*data,M5W,,5,1,1
*data,M5X,,5,2,2
*data,M6A,,19203,7897,7491
*data,M6B,,28769,11668,11015
*data,M6C,,23792,10572,9987
*data,M6E,,38967,15682,14535
*data,M6G,,31977,14164,13149
*data,M6H,,44160,18937,17391
*data,M6J,,28744,13027,11859
*data,M6K,,33175,16531,15368
*data,M6L,,21042,7791,7441
*data,M6M,,40848,15688,14679
*data,M6N,,41628,16573,15593
*data,M6P,,36914,18308,17115
*data,M6R,,19077,8953,8274
*data,M6S,,29387,12914,12350
*data,M7A,,5,4,4
*data,M7Y,,5,3,3
*data,M8V,,31501,16726,15386
*data,M8W,,19756,8755,8257
*data,M8X,,9816,4244,3985
*data,M8Y,,18515,8587,8161
*data,M8Z,,13245,5536,5266
*data,M9A,,31362,13107,12574
*data,M9B,,28197,10859,10493
*data,M9C,,35229,13677,13261
*data,M9L,,12393,3953,3727
*data,M9M,,19468,6608,6186
*data,M9N,,23799,10551,9585
*data,M9P,,20324,8168,7847
*data,M9R,,32092,12180,11563
*data,M9V,,55159,17145,15980
*data,M9W,,39352,13116,12439
*data,N0A,,28644,12546,10891
*data,N0B,,71200,24600,23754
*data,N0C,,15973,7843,6078
*data,N0E,,33999,13822,12220
*data,N0G,,82781,34175,30365
*data,N0H,,45611,30298,18651
*data,N0J,,30623,10702,10317
*data,N0K,,24062,8754,8309
*data,N0L,,47169,17441,16860
*data,N0M,,64962,28678,24486
*data,N0N,,40975,17074,15243
*data,N0P,,56299,23503,21455
*data,N0R,,43436,16935,15362
*data,N1A,,12126,5157,4545
*data,N1C,,3828,1186,1163
*data,N1E,,32040,13344,12824
*data,N1G,,26389,11522,9996
*data,N1H,,43869,19289,18278
*data,N1K,,8221,2432,2367
*data,N1L,,7469,2580,2409
*data,N1M,,14969,5969,5506
*data,N1P,,5772,1766,1758
*data,N1R,,40937,16233,15583
*data,N1S,,19460,7467,7265
*data,N1T,,14518,4251,4181
*data,N2A,,23760,8954,8669
*data,N2B,,17224,7163,6987
*data,N2C,,13584,6207,5863
*data,N2E,,34152,11969,11616
*data,N2G,,13043,6836,6392
*data,N2H,,20851,10500,9920
*data,N2J,,17640,9175,8090
*data,N2K,,25801,8922,8747
*data,N2L,,27102,13853,11406
*data,N2M,,33162,14449,13876
*data,N2N,,24773,7768,7637
*data,N2P,,16069,6017,5703
*data,N2R,,3973,1334,1245
*data,N2T,,19052,6292,6176
*data,N2V,,13482,4481,4350
*data,N2Z,,10171,4687,4205
*data,N3A,,12455,4699,4552
*data,N3B,,10551,3715,3584
*data,N3C,,23546,8143,8010
*data,N3E,,177,51,51
*data,N3H,,21524,8698,8384
*data,N3L,,13763,5219,5095
*data,N3P,,9164,3149,3104
*data,N3R,,34657,13905,13602
*data,N3S,,23768,10350,9873
*data,N3T,,27672,11364,10786
*data,N3V,,1684,553,547
*data,N3W,,13617,4723,4617
*data,N3Y,,22013,9212,8794
*data,N4B,,7506,3116,3038
*data,N4G,,18333,7801,7617
*data,N4K,,29097,12695,12144
*data,N4L,,7647,3738,3199
*data,N4N,,9186,3983,3811
*data,N4S,,32886,13715,13245
*data,N4T,,6957,2805,2632
*data,N4V,,1647,598,584
*data,N4W,,9943,3918,3729
*data,N4X,,9271,3628,3487
*data,N4Z,,2413,891,870
*data,N5A,,30701,13391,12940
*data,N5C,,13927,5439,5327
*data,N5H,,14227,5057,4817
*data,N5L,,3159,1642,1377
*data,N5P,,18737,7639,7369
*data,N5R,,25568,10525,10247
*data,N5V,,32063,12729,11783
*data,N5W,,23683,11120,10529
*data,N5X,,24508,9638,9050
*data,N5Y,,32382,15430,14056
*data,N5Z,,25182,10872,10406
*data,N6A,,10367,7756,5405
*data,N6B,,10526,7062,5984
*data,N6C,,32069,14860,14313
*data,N6E,,28718,10242,9993
*data,N6G,,31613,12999,11633
*data,N6H,,33776,16701,15343
*data,N6J,,27399,12450,11989
*data,N6K,,30617,12173,11744
*data,N6L,,342,128,117
*data,N6M,,4100,1426,1400
*data,N6N,,790,299,290
*data,N6P,,6186,2218,2139
*data,N7A,,11626,6011,4895
*data,N7G,,17102,6497,6338
*data,N7L,,26259,11824,11134
*data,N7M,,25880,10945,10490
*data,N7S,,27373,10639,10361
*data,N7T,,26760,13388,12478
*data,N7V,,12293,5708,5460
*data,N7W,,1490,778,751
*data,N7X,,1172,469,445
*data,N8A,,14563,6194,5879
*data,N8H,,26748,9743,9148
*data,N8M,,10960,4313,4169
*data,N8N,,24972,8997,8738
*data,N8P,,9279,3525,3407
*data,N8R,,12355,4148,4052
*data,N8S,,22849,10675,10146
*data,N8T,,18247,7839,7518
*data,N8V,,39,16,16
*data,N8W,,24813,9852,9573
*data,N8X,,16121,7712,7062
*data,N8Y,,19727,9719,8981
*data,N9A,,26129,14122,12450
*data,N9B,,16183,7638,6687
*data,N9C,,12481,6150,5191
*data,N9E,,20860,7576,7457
*data,N9G,,17506,6143,6009
*data,N9H,,9365,3202,3131
*data,N9J,,17737,6148,6008
*data,N9K,,2108,640,624
*data,N9V,,20028,7654,7328
*data,N9Y,,13961,5533,5209
*data,P0A,,15737,15369,6864
*data,P0B,,8962,8286,3541
*data,P0C,,3997,6965,1696
*data,P0E,,3062,4026,1235
*data,P0G,,3365,5308,1450
*data,P0H,,30081,16686,11966
*data,P0J,,21490,9964,8857
*data,P0K,,11633,6040,5010
*data,P0L,,23150,10703,8877
*data,P0M,,48408,23158,19305
*data,P0N,,10158,4553,4032
*data,P0P,,18615,11949,7663
*data,P0R,,12462,8445,5241
*data,P0S,,10171,6508,4099
*data,P0T,,36296,19840,14079
*data,P0V,,21913,8496,6807
*data,P0W,,7136,3579,2639
*data,P0X,,8058,6709,2891
*data,P0Y,,29,43,14
*data,P1A,,17287,7230,6937
*data,P1B,,34718,16187,15140
*data,P1C,,2622,849,820
*data,P1H,,15235,8939,6134
*data,P1L,,16186,9034,6419
*data,P1P,,9356,6450,3763
*data,P2A,,12171,8474,5036
*data,P2B,,8903,3938,3732
*data,P2N,,7615,4117,3510
*data,P3A,,24961,10603,9932
*data,P3B,,15028,7383,6881
*data,P3C,,17072,9752,8696
*data,P3E,,26922,12838,11790
*data,P3G,,3724,1622,1385
*data,P3L,,7556,2838,2746
*data,P3N,,7411,2654,2614
*data,P3P,,14422,5151,5025
*data,P3Y,,6916,2689,2612
*data,P4N,,27065,12128,11396
*data,P4P,,2876,1048,1016
*data,P4R,,3265,1107,1094
*data,P5A,,11559,6065,5650
*data,P5E,,5515,2465,2291
*data,P5N,,8782,4243,3850
*data,P6A,,36094,16372,14912
*data,P6B,,23271,10797,10372
*data,P6C,,19648,8382,8059
*data,P7A,,27610,12585,11947
*data,P7B,,27375,14382,12006
*data,P7C,,26608,11792,10895
*data,P7E,,21815,10362,9821
*data,P7G,,8474,3043,2891
*data,P7J,,3860,1362,1302
*data,P7K,,4211,1579,1555
*data,P8N,,11395,5106,4527
*data,P8T,,4797,1919,1776
*data,P9A,,10749,5239,4359
*data,P9N,,14184,7146,5750
*data,R0A,,33918,12200,11136
*data,R0B,,40753,12170,10216
*data,R0C,,50899,26545,19105
*data,R0E,,41270,26779,15732
*data,R0G,,40281,15091,14277
*data,R0H,,15371,4868,4515
*data,R0J,,26274,14287,10955
*data,R0K,,26387,11781,10082
*data,R0L,,28498,13402,11366
*data,R0M,,19918,9036,7990
*data,R1A,,19957,7644,7436
*data,R1B,,81,53,43
*data,R1N,,16541,6924,6431
*data,R2C,,31157,11857,11723
*data,R2E,,8750,2966,2923
*data,R2G,,32939,14240,14061
*data,R2H,,15329,7773,7496
*data,R2J,,24789,9813,9651
*data,R2K,,32498,13559,13330
*data,R2L,,14458,6500,6241
*data,R2M,,37302,16857,16546
*data,R2N,,24493,8889,8780
*data,R2P,,24697,8305,8151
*data,R2R,,18231,5727,5581
*data,R2V,,30423,12851,12590
*data,R2W,,27743,11935,10996
*data,R2X,,16144,6631,6363
*data,R2Y,,19852,8560,8396
*data,R3A,,4178,1816,1575
*data,R3B,,11978,5900,5484
*data,R3C,,17223,9986,9204
*data,R3E,,18473,7529,7109
*data,R3G,,24489,10855,10277
*data,R3H,,109,39,36
*data,R3J,,26938,12739,12359
*data,R3K,,11985,5167,5071
*data,R3L,,20242,11428,10968
*data,R3M,,22068,10782,10419
*data,R3N,,16405,7446,7147
*data,R3P,,18052,6929,6734
*data,R3R,,25790,9937,9815
*data,R3S,,417,138,138
*data,R3T,,43577,18131,17698
*data,R3V,,5924,2190,2160
*data,R3W,,4405,1571,1559
*data,R3X,,10198,3384,3330
*data,R3Y,,8890,2753,2713
*data,R4A,,3241,1088,1065
*data,R4H,,1861,437,433
*data,R4J,,851,291,285
*data,R4K,,995,258,254
*data,R4L,,971,357,349
*data,R5A,,2651,901,890
*data,R5G,,16520,5914,5745
*data,R5H,,5332,1866,1805
*data,R6M,,8099,3240,3139
*data,R6W,,14088,4571,4460
*data,R7A,,25313,11285,10770
*data,R7B,,19113,8243,8013
*data,R7C,,1048,541,510
*data,R7N,,9855,4734,4388
*data,R8A,,6055,2958,2581
*data,R8N,,13824,5430,4979
*data,R9A,,8290,3647,3192
*data,S0A,,53146,27904,22713
*data,S0C,,20857,10570,8441
*data,S0E,,33089,15854,13281
*data,S0G,,61106,30587,24381
*data,S0H,,22539,11773,9327
*data,S0J,,47715,22867,15804
*data,S0K,,71442,29950,26868
*data,S0L,,30047,14060,12047
*data,S0M,,45045,20628,15491
*data,S0N,,22074,10125,8334
*data,S0P,,6651,2212,1842
*data,S2V,,601,383,249
*data,S3N,,17380,7845,7437
*data,S4A,,11204,4890,4644
*data,S4H,,10263,4586,4349
*data,S4L,,1614,508,504
*data,S4N,,28641,12211,11651
*data,S4P,,12191,8034,7131
*data,S4R,,33653,14203,13664
*data,S4S,,32692,14769,14152
*data,S4T,,31316,14730,13700
*data,S4V,,19935,7382,7227
*data,S4W,,31,13,13
*data,S4X,,19785,7093,7003
*data,S4Y,,2565,772,767
*data,S4Z,,409,146,141
*data,S6H,,28756,13284,12358
*data,S6J,,3693,1559,1466
*data,S6K,,709,242,239
*data,S6V,,39753,16155,15173
*data,S6W,,5,2,2
*data,S6X,,1068,348,343
*data,S7H,,34676,16661,15727
*data,S7J,,30945,12795,12400
*data,S7K,,38213,17556,16636
*data,S7L,,36753,14948,14257
*data,S7M,,28793,12680,11550
*data,S7N,,27765,12791,11722
*data,S7P,,113,41,40
*data,S7R,,96,35,32
*data,S7S,,5519,1950,1891
*data,S7T,,1693,606,586
*data,S7V,,4963,2086,1992
*data,S7W,,752,249,238
*data,S9A,,14232,6267,5840
*data,S9H,,16370,7519,7191
*data,S9V,,10152,4020,3777
*data,S9X,,7301,2765,2572
*data,T0A,,53490,23224,19452
*data,T0B,,59794,24669,22594
*data,T0C,,58578,24824,21216
*data,T0E,,41693,19920,15801
*data,T0G,,41935,16367,14256
*data,T0H,,78570,28724,26664
*data,T0J,,48838,18307,17117
*data,T0K,,51009,18473,16733
*data,T0L,,51695,19267,17671
*data,T0M,,63514,26319,23711
*data,T0P,,2590,1088,904
*data,T0V,,10,8,7
*data,T1A,,26632,12674,11944
*data,T1B,,25649,10083,9810
*data,T1C,,7075,2886,2707
*data,T1G,,10241,3785,3585
*data,T1H,,23249,9835,9398
*data,T1J,,14884,7076,6528
*data,T1K,,39526,16966,15584
*data,T1L,,6678,2834,2560
*data,T1M,,7926,2830,2758
*data,T1P,,13016,4946,4766
*data,T1R,,15110,6062,5754
*data,T1S,,20801,7178,6998
*data,T1V,,13269,5337,5101
*data,T1W,,12530,6833,4955
*data,T1X,,9928,3344,3239
*data,T1Y,,53924,17702,17124
*data,T2A,,56156,20961,20108
*data,T2B,,22863,9250,8860
*data,T2C,,19350,7501,7237
*data,T2E,,31982,16423,15408
*data,T2G,,11574,6003,5627
*data,T2H,,8317,3995,3852
*data,T2J,,47793,18383,17979
*data,T2K,,34712,15021,14480
*data,T2L,,13052,5803,5563
*data,T2M,,19140,9332,8611
*data,T2N,,23015,11851,11054
*data,T2P,,14069,8308,7561
*data,T2R,,11458,7794,7365
*data,T2S,,14775,8322,7867
*data,T2T,,27189,15032,13845
*data,T2V,,31644,14645,14218
*data,T2W,,43117,16738,16378
*data,T2X,,26790,8680,8550
*data,T2Y,,45902,17105,16588
*data,T2Z,,41822,15033,14641
*data,T3A,,53901,19109,18693
*data,T3B,,35620,14828,14287
*data,T3C,,21631,11110,10460
*data,T3E,,36794,17444,16694
*data,T3G,,52875,19295,18696
*data,T3H,,49821,18872,18014
*data,T3J,,51464,15493,14887
*data,T3K,,59375,21311,20435
*data,T3L,,25290,8780,8601
*data,T3M,,5771,2298,2091
*data,T3N,,66,25,19
*data,T3P,,3161,1158,1084
*data,T3R,,6473,2091,1995
*data,T3Z,,8766,2815,2685
*data,T4A,,8048,2717,2641
*data,T4B,,22988,8798,8167
*data,T4C,,17983,6645,6357
*data,T4E,,836,288,278
*data,T4G,,11115,4116,4016
*data,T4H,,9716,4084,3885
*data,T4J,,10364,4048,3921
*data,T4L,,15138,5635,5391
*data,T4N,,35122,15671,15072
*data,T4P,,24054,9474,9053
*data,T4R,,27615,10216,9935
*data,T4S,,15432,6623,5566
*data,T4T,,13990,5401,5149
*data,T4V,,17369,7596,7358
*data,T4X,,9038,2887,2821
*data,T5A,,32689,13161,12505
*data,T5B,,15564,7677,7039
*data,T5C,,16353,6502,6296
*data,T5E,,29865,12136,11558
*data,T5G,,12141,6261,5657
*data,T5H,,25803,14766,13398
*data,T5J,,3816,2596,2129
*data,T5K,,21781,15391,14269
*data,T5L,,16584,7114,6830
*data,T5M,,14503,7860,7420
*data,T5N,,14490,7468,7099
*data,T5P,,19825,9536,9032
*data,T5R,,24718,10334,10079
*data,T5S,,2911,1227,1181
*data,T5T,,54861,22273,21246
*data,T5V,,164,65,61
*data,T5W,,20780,8847,8479
*data,T5X,,34907,12844,12386
*data,T5Y,,27185,10422,9739
*data,T5Z,,23073,7327,7143
*data,T6A,,14893,6627,6351
*data,T6B,,9062,4126,3839
*data,T6C,,19024,9570,9094
*data,T6E,,21866,12943,11942
*data,T6G,,11925,6794,5928
*data,T6H,,30498,13618,12856
*data,T6J,,46569,18987,18495
*data,T6K,,29163,10450,10198
*data,T6L,,52336,18017,17540
*data,T6M,,14396,4856,4650
*data,T6N,,10,3,3
*data,T6P,,1645,757,724
*data,T6R,,26857,9329,9108
*data,T6S,,37,14,12
*data,T6T,,15152,4758,4563
*data,T6V,,11571,4074,3762
*data,T6W,,10620,4460,4067
*data,T6X,,6367,2490,2357
*data,T7A,,11836,4405,4275
*data,T7E,,11883,4652,4452
*data,T7N,,7508,3095,2918
*data,T7P,,7654,3054,2925
*data,T7S,,11437,4316,4119
*data,T7V,,10453,4188,3932
*data,T7X,,28649,10208,9848
*data,T7Y,,6196,2133,2077
*data,T7Z,,20368,7565,7311
*data,T8A,,43580,15396,15153
*data,T8B,,5562,1841,1791
*data,T8C,,4124,1407,1380
*data,T8E,,7868,2733,2661
*data,T8G,,4784,1762,1659
*data,T8H,,15961,5875,5747
*data,T8L,,17354,6699,6503
*data,T8N,,61518,22197,21810
*data,T8R,,10614,3575,3446
*data,T8S,,8162,3212,3053
*data,T8V,,35429,14092,13609
*data,T8W,,11399,3803,3714
*data,T8X,,6931,2378,2304
*data,T9A,,14920,6159,5915
*data,T9C,,6749,3010,2847
*data,T9E,,19559,7677,7460
*data,T9G,,6297,2359,2316
*data,T9H,,26775,11081,9705
*data,T9J,,4592,1733,1597
*data,T9K,,18654,7072,6181
*data,T9M,,15155,5897,5307
*data,T9N,,10027,4107,3731
*data,T9S,,7231,3474,2825
*data,T9V,,17473,6889,6596
*data,T9W,,6972,2965,2695
*data,T9X,,5828,2454,2282
*data,V0A,,13335,7277,5505
*data,V0B,,31464,18655,13694
*data,V0C,,28027,11600,10223
*data,V0E,,64993,34138,27498
*data,V0G,,25704,12771,11200
*data,V0H,,51389,24883,22220
*data,V0J,,54769,23810,20540
*data,V0K,,33382,17908,14242
*data,V0L,,5480,2737,2053
*data,V0M,,10419,5151,4196
*data,V0N,,79627,46549,33507
*data,V0P,,7310,4473,3168
*data,V0R,,60717,29236,25400
*data,V0S,,13947,6207,5582
*data,V0T,,9179,4337,3674
*data,V0V,,2248,864,735
*data,V0W,,461,444,233
*data,V0X,,20156,10341,8595
*data,V1A,,7058,3649,3226
*data,V1B,,18618,7700,6907
*data,V1C,,23395,9939,9619
*data,V1E,,17719,7563,7153
*data,V1G,,14151,6116,5863
*data,V1H,,7983,3551,3201
*data,V1J,,22427,8986,8671
*data,V1K,,9352,4074,3764
*data,V1L,,15304,7354,6795
*data,V1M,,28214,10207,9914
*data,V1N,,11242,5000,4737
*data,V1P,,5761,2069,2010
*data,V1R,,9495,4801,4495
*data,V1S,,9027,3585,3413
*data,V1T,,30113,15078,13513
*data,V1V,,16292,6786,6315
*data,V1W,,28265,12225,11420
*data,V1X,,30548,14514,12217
*data,V1Y,,29934,15639,14509
*data,V1Z,,12534,5262,4842
*data,V2A,,35484,17176,16115
*data,V2B,,35706,14862,14369
*data,V2C,,21563,10438,9642
*data,V2E,,13045,5048,4924
*data,V2G,,18554,7869,7474
*data,V2H,,5017,2132,1960
*data,V2J,,21979,9849,8927
*data,V2K,,20116,7977,7568
*data,V2L,,9659,4804,4320
*data,V2M,,23558,10549,9828
*data,V2N,,29554,11495,10933
*data,V2P,,33774,14581,14018
*data,V2R,,37497,14890,14113
*data,V2S,,44540,17974,17276
*data,V2T,,50790,17593,16884
*data,V2V,,31420,11791,11200
*data,V2W,,13032,4496,4230
*data,V2X,,44556,18156,17055
*data,V2Y,,16401,6404,5935
*data,V2Z,,14960,5940,5588
*data,V3A,,39465,16788,16061
*data,V3B,,45305,17548,16815
*data,V3C,,35299,13061,12401
*data,V3E,,29452,9406,9022
*data,V3G,,19416,6685,6473
*data,V3H,,30777,11935,11215
*data,V3J,,37039,15202,14499
*data,V3K,,27209,11114,10449
*data,V3L,,22930,10775,10238
*data,V3M,,35625,17899,16815
*data,V3N,,33294,12592,11962
*data,V3R,,49499,19165,17865
*data,V3S,,89630,30657,29039
*data,V3T,,27532,11680,10721
*data,V3V,,42888,14011,12905
*data,V3W,,81101,25927,24380
*data,V3X,,18080,5702,5417
*data,V3Y,,15875,6224,5892
*data,V4A,,35508,15166,14644
*data,V4B,,18754,10191,9525
*data,V4C,,39425,13179,12458
*data,V4E,,12196,3863,3744
*data,V4G,,142,67,56
*data,V4K,,23691,9105,8774
*data,V4L,,7749,3566,3376
*data,V4M,,14192,5628,5420
*data,V4N,,40529,12846,12234
*data,V4P,,10466,4173,4059
*data,V4R,,11389,3857,3662
*data,V4S,,5221,1964,1860
*data,V4T,,21546,8961,8411
*data,V4V,,11610,5429,4637
*data,V4W,,18807,7152,6670
*data,V4X,,9767,3249,3133
*data,V4Z,,2608,962,865
*data,V5A,,22341,8494,7873
*data,V5B,,20843,8031,7622
*data,V5C,,23523,9917,9357
*data,V5E,,23291,9486,9037
*data,V5G,,18489,7143,6754
*data,V5H,,34297,16518,15445
*data,V5J,,18081,6789,6192
*data,V5K,,22345,8519,7940
*data,V5L,,19128,10377,9766
*data,V5M,,21907,7754,7356
*data,V5N,,31290,13383,12525
*data,V5P,,30157,10148,9566
*data,V5R,,44460,16409,15242
*data,V5S,,26584,9877,9511
*data,V5T,,20859,12075,11142
*data,V5V,,22568,8940,8159
*data,V5W,,19254,7235,6694
*data,V5X,,27515,8989,8337
*data,V5Y,,11450,5205,4855
*data,V5Z,,20044,10319,9593
*data,V6A,,17168,10509,9422
*data,V6B,,15184,10528,9247
*data,V6C,,1791,1169,824
*data,V6E,,23966,16693,15050
*data,V6G,,25812,18190,16637
*data,V6H,,16631,10009,9433
*data,V6J,,20498,12186,11433
*data,V6K,,25168,14425,13421
*data,V6L,,10732,3948,3735
*data,V6M,,16864,7229,6868
*data,V6N,,14248,4969,4702
*data,V6P,,30958,12738,12169
*data,V6R,,18935,8896,8243
*data,V6S,,8579,3235,3067
*data,V6T,,11232,5889,4537
*data,V6V,,10544,3409,3230
*data,V6W,,1104,454,368
*data,V6X,,23587,8743,8120
*data,V6Y,,39116,16492,15513
*data,V6Z,,15754,10509,8883
*data,V7A,,24624,8345,8104
*data,V7B,,769,298,287
*data,V7C,,38058,13398,12901
*data,V7E,,36659,13228,12894
*data,V7G,,11495,4443,4228
*data,V7H,,12294,4460,4349
*data,V7J,,15108,5803,5573
*data,V7K,,11995,4219,4088
*data,V7L,,23210,11462,10764
*data,V7M,,16990,9204,8681
*data,V7N,,14465,5486,5271
*data,V7P,,11150,5047,4788
*data,V7R,,14720,5219,5019
*data,V7S,,10564,4002,3690
*data,V7T,,9080,4203,3868
*data,V7V,,14903,7102,6629
*data,V7W,,8514,3457,3143
*data,V7X,,5,4,2
*data,V7Y,,5,1,1
*data,V8A,,17745,8663,7818
*data,V8B,,2502,1157,967
*data,V8C,,8992,4257,3628
*data,V8G,,18587,7906,7192
*data,V8J,,12945,6009,5113
*data,V8K,,9663,5210,4330
*data,V8L,,22660,10268,9666
*data,V8M,,15275,6408,6150
*data,V8N,,24490,9962,9360
*data,V8P,,17313,9359,7569
*data,V8R,,22994,11276,10711
*data,V8S,,16860,8321,7834
*data,V8T,,18500,9762,9248
*data,V8V,,24398,15880,14623
*data,V8W,,3465,2269,2051
*data,V8X,,22633,10319,9874
*data,V8Y,,9561,3975,3804
*data,V8Z,,27590,11104,10699
*data,V9A,,35403,18429,17494
*data,V9B,,32949,13228,12595
*data,V9C,,17466,6759,6416
*data,V9E,,4924,1965,1863
*data,V9G,,13496,5994,5614
*data,V9H,,7263,2906,2761
*data,V9J,,8392,3754,3262
*data,V9K,,14516,7185,6528
*data,V9L,,32214,13415,12996
*data,V9M,,15460,6927,6630
*data,V9N,,26428,12216,11593
*data,V9P,,22605,10995,10307
*data,V9R,,24395,11380,10630
*data,V9S,,15533,7625,7264
*data,V9T,,28096,11951,11583
*data,V9V,,9936,3854,3750
*data,V9W,,27643,12141,11519
*data,V9X,,8962,3510,3370
*data,V9Y,,25468,11694,10850
*data,X0A,,15713,5086,4387
*data,X0B,,5361,1579,1371
*data,X0C,,8348,2359,2080
*data,X0E,,21858,9274,7323
*data,X0G,,614,233,186
*data,X1A,,19044,7284,6732
*data,Y0A,,1841,1049,772
*data,Y0B,,6009,4316,2681
*data,Y1A,,22522,9931,9162
*blank,,,,,
*note,Note:,,,,
*note,"Incompletely enumerated Indian reserves and Indian settlements, 2006",T = excludes census data for one or more incompletely enumerated Indian reserves or Indian settlements.,,,
*note,"Incompletely enumerated Indian reserves and Indian settlements, 2001",T = excludes census data for one or more incompletely enumerated Indian reserves or Indian settlements.,,,
*note,2001 adjusted population flag,T = adjusted figure due to boundary change.,,,
*note,2001 adjusted total private dwellings flag,T = adjusted figure due to boundary change.,,,
*note,2001 adjusted private dwellings occupied by usual residents flag,T = adjusted figure due to boundary change.,,,
*note,"For further information, refer to: http://www12.statcan.ca/english/census06/data/popdwell/SpecialNotes.cfm.",,,,
*blank,,,,,
*note,Content considerations:,,,,
*note,"The 2006 Census population counts for a particular area represent the number of Canadians whose usual place of residence is in that area, regardless of where they happened to be on Census Day. Also included are any Canadians who were staying in that area on Census Day and who had no usual place of residence elsewhere in Canada, as well as those considered to be non-permanent residents.",,,,
*note,"For most areas, there is little difference between the number of usual residents and the number of people staying in the area on Census Day. For certain places, however, such as tourist or vacation areas, or those including large work camps, the number of people staying in that area at any particular time could significantly exceed the number of usual residents shown here. The population counts include Canadians living in other countries, but do not include foreign residents living in Canada. Given these differences, users are advised not to interpret population counts as being the number of people living in the reported dwellings.",,,,
*note,"The dwelling counts refer to total private dwellings and private dwellings occupied by usual residents in Canada. The census dwelling counts do not include collective dwellings, which are dwellings of a commercial, institutional or communal nature. The usual residents in collective dwellings are, however, included in the population counts.",,,,
*note,"Changes occur to the names, boundaries, and other characteristics of geographic areas (e.g., census subdivisions may amalgamate, or there may be an annexation or a change of name or status). Since the geographic framework is used for census data collection, the geographic reference date must be set several months before the date of the census in order to have these changes made in time. For the 2006 Census, the geographic reference date was January 1, 2006.",,,,
*note,"Users wishing to compare 2006 Census data with those of other censuses should then take into account that the boundaries of geographic areas may change from one census to another. In order to facilitate comparison, the 2001 Census counts are adjusted as needed to take into account boundary changes between the 2001 and 2006 censuses. This symbol may also refer to corrections to the 2001 counts; however, most of these are the result of boundary changes. This symbol is also used to identify areas that have been created since 2001, such as newly incorporated municipalities (census subdivisions) and new designated places (DPLs).",,,,
*note,"Land area is the area in square kilometres of the land-based portions of standard geographic areas. The data are unofficial, and are provided for the sole purpose of calculating population density. Land area data for the standard geographic areas reflect the boundaries in effect on January 1, 2006 (the geographic reference date for the 2006 Census of Canada).",,,,
*note,"For further information, refer to: http://www12.statcan.ca/english/census06/data/popdwell/Content.cfm.",,,,
*blank,,,,,
*note,"Source: Statistics Canada, 2006 Census of Population.",,,,
*note,"How to cite: Statistics Canada. 2007. Population and dwelling counts, for Canada and forward sortation areas as reported by the respondents, 2006 Census - 100% data (table). Population and Dwelling Count Highlight Tables. 2006 Census.",,,,
*note,"Statistics Canada Catalogue no. 97-550-XWE2006002. Ottawa. Released March 13, 2007.",,,,
*note,"http://www12.statcan.ca/english/census06/data/popdwell/Table.cfm?T=1201&SR=1&S=0&O=A&RPP=9999&PR=0&CMA=0 (accessed November 19, 2007)",,,,
